{
    "epoch": 1.0,
    "eval_loss": 1.5512497425079346,
    "eval_runtime": 117.878,
    "eval_samples": 6791,
    "eval_samples_per_second": 57.61,
    "eval_steps_per_second": 7.202,
    "perplexity": 4.717361988005783,
    "train_loss": 1.5745177898025062,
    "train_runtime": 1224.5115,
    "train_samples": 27164,
    "train_samples_per_second": 22.184,
    "train_steps_per_second": 2.773
}